{
    "name": "root",
    "gauges": {
        "MoveToGoal.Policy.Entropy.mean": {
            "value": 1.4148595333099365,
            "min": 1.4148595333099365,
            "max": 1.4148595333099365,
            "count": 1
        },
        "MoveToGoal.Environment.EpisodeLength.mean": {
            "value": 59.242168674698796,
            "min": 59.242168674698796,
            "max": 59.242168674698796,
            "count": 1
        },
        "MoveToGoal.Policy.ExtrinsicValueEstimate.mean": {
            "value": -1.838986873626709,
            "min": -1.838986873626709,
            "max": -1.838986873626709,
            "count": 1
        },
        "MoveToGoal.Environment.CumulativeReward.mean": {
            "value": -1.0,
            "min": -1.0,
            "max": -1.0,
            "count": 1
        },
        "MoveToGoal.Policy.ExtrinsicReward.mean": {
            "value": -1.0,
            "min": -1.0,
            "max": -1.0,
            "count": 1
        },
        "MoveToGoal.Losses.PolicyLoss.mean": {
            "value": 0.022982964921781483,
            "min": 0.022982964921781483,
            "max": 0.022982964921781483,
            "count": 1
        },
        "MoveToGoal.Losses.ValueLoss.mean": {
            "value": 0.13799411811244985,
            "min": 0.13799411811244985,
            "max": 0.13799411811244985,
            "count": 1
        },
        "MoveToGoal.Policy.LearningRate.mean": {
            "value": 0.00028457970514009993,
            "min": 0.00028457970514009993,
            "max": 0.00028457970514009993,
            "count": 1
        },
        "MoveToGoal.Policy.Epsilon.mean": {
            "value": 0.19485990000000003,
            "min": 0.19485990000000003,
            "max": 0.19485990000000003,
            "count": 1
        },
        "MoveToGoal.Policy.Beta.mean": {
            "value": 0.00474350901,
            "min": 0.00474350901,
            "max": 0.00474350901,
            "count": 1
        },
        "MoveToGoal.IsTraining.mean": {
            "value": 1.0,
            "min": 1.0,
            "max": 1.0,
            "count": 1
        }
    },
    "metadata": {
        "timer_format_version": "0.1.0",
        "start_time_seconds": "1624310882",
        "python_version": "3.8.8 (tags/v3.8.8:024d805, Feb 19 2021, 13:18:16) [MSC v.1928 64 bit (AMD64)]",
        "command_line_arguments": "C:\\Users\\L\\AppData\\Local\\Programs\\Python\\Python38\\Scripts\\mlagents-learn --force",
        "mlagents_version": "0.23.0",
        "mlagents_envs_version": "0.23.0",
        "communication_protocol_version": "1.3.0",
        "pytorch_version": "1.7.1",
        "numpy_version": "1.18.5",
        "end_time_seconds": "1624313145"
    },
    "total": 2263.5423444,
    "count": 1,
    "self": 0.0029325999994398444,
    "children": {
        "run_training.setup": {
            "total": 0.005527999999999977,
            "count": 1,
            "self": 0.005527999999999977
        },
        "TrainerController.start_learning": {
            "total": 2263.5338838000002,
            "count": 1,
            "self": 0.2514697999990858,
            "children": {
                "TrainerController._reset_env": {
                    "total": 6.665325999999999,
                    "count": 1,
                    "self": 6.665325999999999
                },
                "TrainerController.advance": {
                    "total": 2256.5263685000014,
                    "count": 10540,
                    "self": 0.11575759999459478,
                    "children": {
                        "env_step": {
                            "total": 2256.4106109000068,
                            "count": 10540,
                            "self": 2247.769682100028,
                            "children": {
                                "SubprocessEnvManager._take_step": {
                                    "total": 8.514687699990532,
                                    "count": 10540,
                                    "self": 0.5130405000012104,
                                    "children": {
                                        "TorchPolicy.evaluate": {
                                            "total": 8.001647199989321,
                                            "count": 9504,
                                            "self": 1.6786903999691996,
                                            "children": {
                                                "TorchPolicy.sample_actions": {
                                                    "total": 6.322956800020122,
                                                    "count": 9504,
                                                    "self": 6.322956800020122
                                                }
                                            }
                                        }
                                    }
                                },
                                "workers": {
                                    "total": 0.12624109998804656,
                                    "count": 10539,
                                    "self": 0.0,
                                    "children": {
                                        "worker_root": {
                                            "total": 2256.320887300001,
                                            "count": 10539,
                                            "is_parallel": true,
                                            "self": 21.279417199988075,
                                            "children": {
                                                "steps_from_proto": {
                                                    "total": 0.0002651000000000181,
                                                    "count": 1,
                                                    "is_parallel": true,
                                                    "self": 6.750000000010914e-05,
                                                    "children": {
                                                        "_process_vector_observation": {
                                                            "total": 0.00019759999999990896,
                                                            "count": 2,
                                                            "is_parallel": true,
                                                            "self": 0.00019759999999990896
                                                        }
                                                    }
                                                },
                                                "UnityEnvironment.step": {
                                                    "total": 2235.0412050000127,
                                                    "count": 10539,
                                                    "is_parallel": true,
                                                    "self": 0.7641969000342215,
                                                    "children": {
                                                        "UnityEnvironment._generate_step_input": {
                                                            "total": 6.7964687999866475,
                                                            "count": 10539,
                                                            "is_parallel": true,
                                                            "self": 6.7964687999866475
                                                        },
                                                        "communicator.exchange": {
                                                            "total": 2225.4871434000042,
                                                            "count": 10539,
                                                            "is_parallel": true,